company_name,title,location,url,ats_provider,junior_flag,first_seen
Arrakis,Junior Business Development Manager,Zurich,https://jobs.ashbyhq.com/arrakis/17f4359f-c83c-4fe4-b61e-9827f94823cb,ashby,True,2026-07-27 09:06:49
Arrakis,Quant (DeFi),Zurich,https://jobs.ashbyhq.com/arrakis/70f21747-d925-482f-840f-9fceaf47b861,ashby,False,2026-07-27 09:06:49
Arrakis,Senior Quant Engineer,Zurich,https://jobs.ashbyhq.com/arrakis/1024b3a9-bf05-45ca-842e-eb276055b83f,ashby,False,2026-07-27 09:06:49
Capsa AI,AI Consultant,London,https://jobs.ashbyhq.com/capsa/d69a7e25-63d5-4978-8870-d683c843d382,ashby,False,2026-06-28 23:34:06
Capsa AI,Account Executive,New York City,https://jobs.ashbyhq.com/capsa/b5107edb-bbf3-4943-ad50-74cc7e5eeb1f,ashby,False,2026-06-28 23:34:06
Capsa AI,Account Executive,London,https://jobs.ashbyhq.com/capsa/b7ee2cc1-c17d-48c3-8a7e-8edce1165d9f,ashby,False,2026-06-28 23:34:06
Capsa AI,Head of Finance,London,https://jobs.ashbyhq.com/capsa/51058e0d-40c0-4d75-81aa-467d323a66f6,ashby,False,2026-06-28 23:34:06
Capsa AI,Head of Marketing,New York City,https://jobs.ashbyhq.com/capsa/4cb6ccc9-bfe2-4529-bb57-7f83aab28edd,ashby,False,2026-06-28 23:34:06
Capsa AI,Head of Product,London,https://jobs.ashbyhq.com/capsa/bf84f349-3b48-4657-bae7-b2561cd54b5d,ashby,False,2026-06-28 23:34:06
Capsa AI,Head of US Sales,New York City,https://jobs.ashbyhq.com/capsa/9cab3aa5-add5-44ed-a878-7fa4bc6fbf75,ashby,False,2026-06-28 23:34:06
Capsa AI,Revenue Operations Manager,London,https://jobs.ashbyhq.com/capsa/cfb842b7-1520-4e19-a462-fc5764059095,ashby,False,2026-06-28 23:34:06
Capsa AI,Sales Development Representative,London,https://jobs.ashbyhq.com/capsa/628876b1-0bcf-4385-9e32-449ab6d4bd3c,ashby,False,2026-06-28 23:34:06
Capsa AI,Sales Development Representative,New York City,https://jobs.ashbyhq.com/capsa/dbf153f3-f2c1-430d-8335-908ad8ce3161,ashby,False,2026-06-28 23:34:06
Capsa AI,Senior AI Engineer,London,https://jobs.ashbyhq.com/capsa/f5851f66-c702-4340-ae08-1edae32343cf,ashby,False,2026-06-28 23:34:06
Capsa AI,Senior Backend Engineer,London,https://jobs.ashbyhq.com/capsa/85cf7677-bc9a-4fa1-b994-885c931d1f38,ashby,False,2026-06-28 23:34:06
Capsa AI,Senior Fullstack Engineer,London,https://jobs.ashbyhq.com/capsa/feccc344-dc0a-4682-ad10-b83106bc0d8e,ashby,False,2026-06-28 23:34:06
Capsa AI,Senior Platform Engineer,London,https://jobs.ashbyhq.com/capsa/744c5c9a-411f-42d9-9757-af99714e5833,ashby,False,2026-06-28 23:34:06
Conduct,ABAP AI Developer,"London, UK",https://jobs.ashbyhq.com/conduct/fbd76fa7-aaf4-443d-80a9-3eea2a391622,ashby,False,2026-06-28 23:34:10
Conduct,AI Operations Engineer,"London, UK",https://jobs.ashbyhq.com/conduct/63400fc3-6839-41ee-af7f-978efe6ef9f0,ashby,False,2026-06-28 23:34:10
Conduct,Backend Engineer,"London, UK",https://jobs.ashbyhq.com/conduct/001eae6a-e1d3-47d3-b4aa-918bab12492d,ashby,False,2026-06-28 23:34:10
Conduct,Deployment Strategist,"London, UK",https://jobs.ashbyhq.com/conduct/15fa6334-638d-48ed-a6aa-ce13f4e07d9e,ashby,False,2026-06-28 23:34:10
Conduct,Enterprise Account Executive,"London, UK",https://jobs.ashbyhq.com/conduct/dfac19f9-5e66-42cc-a8b7-716efa53a708,ashby,False,2026-06-28 23:34:10
Conduct,Growth Generalist,"London, UK",https://jobs.ashbyhq.com/conduct/46948c8f-7f8e-4991-a687-91cfc1417317,ashby,False,2026-06-28 23:34:10
Conduct,Open Application,"London, UK",https://jobs.ashbyhq.com/conduct/2f377087-8480-4df4-b4ee-9eae0a8a8efe,ashby,False,2026-06-28 23:34:10
Conduct,Product Designer,"London, UK",https://jobs.ashbyhq.com/conduct/4b9179a9-b0f6-46bb-bff1-82d6391d0ecb,ashby,False,2026-06-28 23:34:10
Conduct,Product Engineer,"London, UK",https://jobs.ashbyhq.com/conduct/9207b8c0-e479-47dd-b114-bcb3e8c2b6cf,ashby,False,2026-06-28 23:34:10
Conduct,Senior Accountant,"London, UK",https://jobs.ashbyhq.com/conduct/2682d586-723f-4eaf-ac34-08717a19a2bb,ashby,False,2026-06-28 23:34:10
Conduct,Talent Acquisition,"London, UK",https://jobs.ashbyhq.com/conduct/f460543e-c9af-4567-a442-21997a725d59,ashby,False,2026-06-28 23:34:10
Conduct,Talent Operations,"London, UK",https://jobs.ashbyhq.com/conduct/34f3b9bf-a103-45b0-8eab-795838fe3b2d,ashby,False,2026-06-28 23:34:10
Isometric,Data Centre Consultant,Remote,https://jobs.ashbyhq.com/isometric/2a3f7e11-0b77-4d65-bf66-2ae8283470a8,ashby,False,2026-06-28 23:34:12
Isometric,Finance Director,London,https://jobs.ashbyhq.com/isometric/1256384d-c2f2-417a-ac93-c66143970686,ashby,False,2026-06-28 23:34:12
Isometric,General Application,London,https://jobs.ashbyhq.com/isometric/c842f59e-569a-49e9-9985-de6f5cea97cf,ashby,False,2026-06-28 23:34:12
Isometric,Partnerships Manager,London,https://jobs.ashbyhq.com/isometric/3940b109-c560-45a9-9011-a0e034b2c57d,ashby,False,2026-06-28 23:34:12
Isometric,Product Manager (New Markets),London,https://jobs.ashbyhq.com/isometric/fdbd4715-de29-4869-9cb9-96a3be70d229,ashby,False,2026-06-28 23:34:12
Meticulous,Forward Deployed Engineer (New Grad),London,https://jobs.ashbyhq.com/meticulous/e6d1e0ab-8a28-49ee-94ed-d232886cd7d5,ashby,True,2026-07-26 18:17:06
Meticulous,"Forward Deployed Engineer, London",London,https://jobs.ashbyhq.com/meticulous/9b592dc5-6262-42ff-bbd7-f1b2ae8e7543,ashby,False,2026-07-26 18:17:06
Meticulous,"Forward Deployed Engineer, San Francisco",San Francisco,https://jobs.ashbyhq.com/meticulous/e4f7bc5d-1aac-4ed7-a8c3-b4f96002d416,ashby,False,2026-07-26 18:17:06
Meticulous,Founding Account Executive,San Francisco,https://jobs.ashbyhq.com/meticulous/cfe53049-5928-422d-91fa-245dfe52635a,ashby,False,2026-07-26 18:17:06
Meticulous,GTM Operator,London,https://jobs.ashbyhq.com/meticulous/dd1a8b2d-1087-46cd-af64-999fdaacfec6,ashby,False,2026-07-26 18:17:06
Meticulous,Platform Engineer,London,https://jobs.ashbyhq.com/meticulous/2381385c-300f-4d91-91e4-b36f1ec86123,ashby,False,2026-07-26 18:17:06
Meticulous,Software Engineer,London,https://jobs.ashbyhq.com/meticulous/3197ae3d-bb26-4750-9ed7-b830f640515e,ashby,False,2026-07-26 18:17:06
Valarian,FinOps Associate,London,https://jobs.lever.co/valarian/fdaa9b57-67b4-4ece-9da4-7fbd9bc999e8,lever,True,2026-07-26 18:17:03
Valarian,Paralegal,London,https://jobs.lever.co/valarian/3ae295d1-993a-4510-8471-dcb79c01bb39,lever,False,2026-07-26 18:17:03
Valarian,Platform Engineer,London,https://jobs.lever.co/valarian/4199857d-92f7-4bbc-9e28-51a75d76e8e1,lever,False,2026-07-26 18:17:03
Valarian,Senior Infrastructure Engineer,London,https://jobs.lever.co/valarian/70b60f6c-9357-4348-a0fc-b841e5d41f0d,lever,False,2026-07-26 18:17:03
Valarian,Senior Software Engineer,London,https://jobs.lever.co/valarian/872aec4d-d770-4962-a374-b278dcd513e2,lever,False,2026-07-26 18:17:03
Valarian,Software Engineer,London,https://jobs.lever.co/valarian/a64d97fb-b6b2-41ec-a3ca-b0997c1f3cb3,lever,False,2026-07-26 18:17:03
